City_ID,City,Country,Lat,Lng,Max Temp,Humidity,Cloudiness,Wind Speed,Current Description
0,Khatanga,RU,71.9667,102.5,-28.48,97,100,1.52,overcast clouds
1,Punta Arenas,CL,-53.15,-70.9167,53.71,35,20,31.07,few clouds
2,Mataura,NZ,-46.1927,168.8643,58.48,69,89,4.16,overcast clouds
3,Henties Bay,NA,-22.116,14.2845,62.87,75,100,7.38,overcast clouds
4,Torbay,CA,47.6666,-52.7314,36.27,92,40,10.36,shower rain
5,Nikolskoye,RU,59.7035,30.7861,22.91,79,94,7.61,overcast clouds
6,Aripuana,BR,-9.1667,-60.6333,81.66,69,95,0.51,light rain
7,Hobart,AU,-42.8794,147.3294,55.26,91,100,10.36,light rain
8,Itarema,BR,-2.9248,-39.9167,79.77,75,74,15.68,broken clouds
9,Rikitea,PF,-23.1203,-134.9692,71.08,67,93,9.28,overcast clouds
10,Bluff,NZ,-46.6,168.3333,58.8,83,64,8.95,broken clouds
11,Mehamn,NO,71.0357,27.8492,39.15,75,100,9.22,overcast clouds
12,West Bay,KY,19.3667,-81.4167,87.87,72,40,12.66,scattered clouds
13,Korla,CN,41.7597,86.1469,36.54,43,77,7.4,broken clouds
14,Yellowknife,CA,62.456,-114.3525,18.12,73,100,8.05,overcast clouds
15,Busselton,AU,-33.65,115.3333,54.25,81,76,7.38,broken clouds
16,Siyabuswa,ZA,-25.1132,29.0445,77.32,34,71,5.12,broken clouds
17,Macheng,CN,31.1783,115.0319,52.9,88,0,2.39,clear sky
18,Hanstholm,DK,57.1167,8.6167,38.88,71,100,23.67,overcast clouds
19,Tasiilaq,GL,65.6145,-37.6368,35.76,69,100,10.76,overcast clouds
20,Ribeira Grande,PT,38.5167,-28.7,64.8,100,75,11.99,broken clouds
21,Imeni Poliny Osipenko,RU,52.4201,136.4853,19.6,95,100,1.28,overcast clouds
22,Katherine,AU,-14.4667,132.2667,77.32,100,100,0.0,overcast clouds
23,Cabedelo,BR,-6.9811,-34.8339,81.27,78,90,10.09,overcast clouds
24,New Norfolk,AU,-42.7826,147.0587,54.91,71,100,5.01,light rain
25,Yumen,CN,40.2833,97.2,34.7,31,100,7.07,overcast clouds
26,Bandipur,NP,27.9333,84.4167,50.9,81,0,2.19,clear sky
27,Cayenne,GF,4.9333,-52.3333,84.24,70,0,2.3,clear sky
28,Hilo,US,19.7297,-155.09,83.25,72,40,4.61,scattered clouds
29,Navolato,MX,24.7672,-107.6944,86.63,43,98,8.81,overcast clouds
30,Kapaa,US,22.0752,-159.319,80.58,79,40,17.27,light rain
31,Pevek,RU,69.7008,170.3133,-13.49,99,98,5.3,overcast clouds
32,Zyryanka,RU,65.75,150.85,-24.63,91,41,6.78,scattered clouds
33,San Quintin,MX,30.4833,-115.95,65.86,42,0,8.59,clear sky
34,Salalah,OM,17.0151,54.0924,75.29,60,0,4.61,clear sky
35,Bantou,CN,26.2151,117.4893,65.43,89,100,2.35,overcast clouds
36,Olafsvik,IS,64.8945,-23.7142,43.39,85,99,25.01,overcast clouds
37,Isilkul,RU,54.9109,71.2728,-0.6,93,31,6.13,scattered clouds
38,Ratholo,BW,-22.7245,27.572,86.16,24,90,2.91,overcast clouds
39,Dengfeng,CN,34.4553,113.0281,49.37,86,2,3.74,clear sky
40,East London,ZA,-33.0153,27.9116,61.41,74,0,11.48,clear sky
41,Thompson,CA,55.7435,-97.8558,1.56,71,75,9.22,light snow
42,North Battleford,CA,52.7834,-108.2847,19.49,58,0,10.36,clear sky
43,Baiao,BR,-2.7906,-49.6717,82.65,62,100,4.25,light rain
44,Pathein,MM,16.7833,94.7333,72.28,80,91,3.58,overcast clouds
45,Tuktoyaktuk,CA,69.4541,-133.0374,28.4,93,100,14.97,light snow
46,Ushuaia,AR,-54.8,-68.3,49.66,53,40,24.16,scattered clouds
47,Saint George,US,37.1041,-113.5841,52.43,26,0,5.75,clear sky
48,Qandala,SO,11.472,49.8728,78.1,79,69,6.02,broken clouds
49,San Vicente,AR,-26.6167,-54.1333,78.22,46,0,4.43,clear sky
50,Barrow,US,71.2906,-156.7887,28.42,64,100,21.85,overcast clouds
51,Atuona,PF,-9.8,-139.0333,77.09,74,10,10.89,clear sky
52,Lagoa,PT,39.05,-27.9833,63.73,92,79,18.5,broken clouds
53,Belaya Gora,RU,68.5333,146.4167,-28.44,98,48,4.76,scattered clouds
54,Havre-Saint-Pierre,CA,50.2334,-63.5986,28.4,73,20,9.22,few clouds
55,Butaritari,KI,3.0707,172.7902,80.85,72,39,18.9,scattered clouds
56,Faanui,PF,-16.4833,-151.75,77.81,80,52,7.7,light rain
57,Falmouth,GB,50.1544,-5.0711,49.66,90,100,14.97,overcast clouds
58,Hithadhoo,MV,-0.6,73.0833,80.55,80,51,10.13,broken clouds
59,Hermanus,ZA,-34.4187,19.2345,54.81,76,6,1.45,clear sky
60,Hays,US,30.0502,-98.0336,39.22,89,100,7.0,light rain
61,Kahului,US,20.8947,-156.47,82.42,71,40,20.71,scattered clouds
62,Kijang,KR,35.2442,129.2139,55.13,69,88,8.41,overcast clouds
63,Cape Town,ZA,-33.9258,18.4232,62.28,71,0,5.75,clear sky
64,Matveyevka,RU,52.15,56.1833,19.92,87,93,12.71,overcast clouds
65,Ancud,CL,-41.8697,-73.8203,54.82,59,54,9.4,light rain
66,Geraldton,AU,-28.7667,114.6,50.41,87,0,6.91,clear sky
67,Rio Gallegos,AR,-51.6226,-69.2181,59.05,26,40,32.21,scattered clouds
68,Letka,RU,59.6011,49.4232,10.87,92,6,1.83,clear sky
69,Lorengau,PG,-2.0226,147.2712,82.02,68,98,7.78,overcast clouds
70,Kodiak,US,57.79,-152.4072,42.31,87,100,19.57,moderate rain
71,Santa Rosalia,MX,27.3167,-112.2833,68.86,46,0,12.71,clear sky
72,Albany,US,42.6001,-73.9662,36.64,48,93,6.98,overcast clouds
73,Kormend,HU,47.011,16.606,32.32,72,100,5.75,light snow
74,Provideniya,RU,64.3833,-173.3,25.56,84,100,6.11,overcast clouds
75,Richards Bay,ZA,-28.783,32.0377,66.87,79,100,16.93,light rain
76,Alice Springs,AU,-23.7,133.8833,60.35,67,43,6.91,scattered clouds
77,Xuzhou,CN,34.1805,117.1571,52.66,88,15,2.95,few clouds
78,Port Elizabeth,ZA,-33.918,25.5701,61.32,86,0,8.01,clear sky
79,Guasdualito,VE,7.2424,-70.7324,86.0,70,40,5.75,scattered clouds
80,Sovetskiy,RU,61.3614,63.5842,13.5,88,85,9.01,overcast clouds
81,Alofi,NU,-19.0595,-169.9187,80.49,65,10,8.05,clear sky
82,Mar Del Plata,AR,-38.0023,-57.5575,71.62,89,0,6.91,clear sky
83,Hofu,JP,34.05,131.5667,57.07,69,64,6.6,broken clouds
84,Saint-Georges,GD,12.0564,-61.7485,83.88,79,20,20.71,few clouds
85,Sitka,US,57.0531,-135.33,48.09,61,100,24.16,overcast clouds
86,Kununurra,AU,-15.7667,128.7333,80.58,89,40,3.44,scattered clouds
87,Torre Del Campo,ES,37.7705,-3.8973,47.61,71,64,1.01,broken clouds
88,Narrabri,AU,-30.3167,149.7833,75.52,60,24,3.0,few clouds
89,Kavaratti,IN,10.5669,72.642,80.53,57,15,2.8,few clouds
90,Kidal,ML,18.4411,1.4078,76.15,14,100,8.23,overcast clouds
91,Ozernovskiy,RU,51.5,156.5167,29.28,72,100,4.25,overcast clouds
92,Bereda,ES,43.2686,-7.5406,49.41,100,100,5.57,overcast clouds
93,Namatanai,PG,-3.6667,152.4333,81.63,73,75,7.96,broken clouds
94,Lewisporte,CA,49.2499,-55.0482,35.31,82,51,8.34,broken clouds
95,Chuy,UY,-33.6971,-53.4616,71.24,77,100,15.35,overcast clouds
96,Jamestown,US,42.097,-79.2353,28.02,48,75,17.27,broken clouds
97,Sembakung,ID,3.8167,117.25,72.82,99,99,1.16,overcast clouds
98,Waslala,NI,13.2333,-85.3833,77.5,80,100,4.41,overcast clouds
99,Gamba,GA,-2.65,10.0,77.02,83,96,8.59,light rain
100,Carnarvon,AU,-24.8667,113.6333,64.15,59,0,23.4,clear sky
101,Pyapon,MM,16.2833,95.6833,72.81,75,100,6.2,overcast clouds
102,Booue,GA,-0.0921,11.9385,73.44,96,99,1.1,light rain
103,Qunduz,AF,36.729,68.857,51.98,70,0,1.59,clear sky
104,Sanary-Sur-Mer,FR,43.1178,5.8001,53.89,62,2,4.0,clear sky
105,Likasi,CD,-10.9814,26.7333,61.93,93,52,2.19,broken clouds
106,Cozumel,MX,20.5083,-86.9458,83.95,77,100,8.66,moderate rain
107,Puerto Ayora,EC,-0.7393,-90.3518,82.36,95,92,5.99,light rain
108,Port Alfred,ZA,-33.5906,26.891,57.18,93,2,3.0,clear sky
109,Namwala,ZM,-15.7504,26.4384,73.02,28,3,3.47,clear sky
110,Ferme-Neuve,CA,46.7001,-75.4493,28.17,58,100,11.27,overcast clouds
111,Husavik,IS,66.0449,-17.3389,43.81,74,86,27.94,overcast clouds
112,Fortuna,US,40.5982,-124.1573,62.92,50,0,4.61,clear sky
113,Valparaiso,CL,-33.0393,-71.6273,74.84,73,0,13.8,clear sky
114,Georgetown,MY,5.4112,100.3354,78.89,93,20,3.44,few clouds
115,Bethel,US,41.3712,-73.414,39.02,46,0,11.5,clear sky
116,Sosnovka,RU,56.255,51.2842,16.45,79,6,5.28,clear sky
117,Kirensk,RU,57.7853,108.1119,-19.73,100,80,0.4,broken clouds
118,Constitucion,CL,-35.3333,-72.4167,61.57,65,98,22.21,overcast clouds
119,Luwingu,ZM,-10.2621,29.9271,63.86,89,67,3.89,light rain
120,Hamilton,US,39.1834,-84.5333,36.99,40,0,21.85,clear sky
121,Vaini,TO,-21.2,-175.2,77.07,71,94,6.4,overcast clouds
122,Obo,CF,5.3998,26.4869,73.38,64,100,2.59,overcast clouds
123,Zharkent,KZ,44.1628,80.0,34.47,86,32,6.78,scattered clouds
124,Sambava,MG,-14.2667,50.1667,71.51,84,0,3.56,clear sky
125,Vao,NC,-22.6667,167.4833,72.41,71,68,11.3,broken clouds
126,Bengkulu,ID,-3.8004,102.2655,73.92,91,96,5.39,overcast clouds
127,Tatarsk,RU,55.219,75.9828,1.76,88,71,9.8,broken clouds
128,Itoman,JP,26.1247,127.6694,75.22,83,20,8.05,few clouds
129,Hasaki,JP,35.7333,140.8333,52.21,59,100,10.76,overcast clouds
130,Ndele,CF,8.4109,20.6473,75.74,33,7,3.27,clear sky
131,Severo-Kurilsk,RU,50.6789,156.125,32.45,76,96,9.53,overcast clouds
132,Sao Filipe,CV,14.8961,-24.4956,77.99,67,99,14.76,overcast clouds
133,Bredasdorp,ZA,-34.5322,20.0403,56.53,80,3,4.23,clear sky
134,Khovu-Aksy,RU,51.1333,93.6,2.23,95,99,3.94,overcast clouds
135,Grafenau,DE,48.8577,13.3974,34.92,91,100,0.98,overcast clouds
136,Puerto Escondido,MX,15.85,-97.0667,84.67,67,100,5.57,overcast clouds
137,Vannes,FR,47.8333,-2.5,43.41,81,100,4.92,overcast clouds
138,Ulladulla,AU,-35.35,150.4667,69.84,50,0,10.13,clear sky
139,Qaanaaq,GL,77.484,-69.3632,-3.75,58,17,7.43,few clouds
140,Tolaga Bay,NZ,-38.3667,178.3,64.96,76,62,8.37,broken clouds
141,Valle De Allende,MX,26.9333,-105.4,65.68,38,87,9.89,overcast clouds
142,Trairi,BR,-3.2778,-39.2689,79.63,74,30,10.4,scattered clouds
143,Tiksi,RU,71.6872,128.8694,-5.93,97,100,6.78,overcast clouds
144,Hovd,MN,48.0056,91.6419,15.42,58,6,2.51,clear sky
145,Deputatskiy,RU,69.3,139.9,-28.91,97,48,4.76,scattered clouds
146,Talnakh,RU,69.4865,88.3972,-2.79,96,100,4.03,overcast clouds
147,Cairns,AU,-16.9167,145.7667,79.11,91,100,1.14,overcast clouds
148,Doha,QA,25.2867,51.5333,78.78,63,0,18.41,clear sky
149,Iracoubo,GF,5.4802,-53.2011,80.73,75,81,10.4,broken clouds
150,Praia Da Vitoria,PT,38.7333,-27.0667,64.76,88,20,8.63,few clouds
151,Avarua,CK,-21.2078,-159.775,77.05,65,40,11.5,scattered clouds
152,Hualmay,PE,-11.0964,-77.6139,68.4,74,89,8.23,overcast clouds
153,Cedar City,US,37.6775,-113.0619,34.39,51,0,3.44,clear sky
154,Longyearbyen,SJ,78.2186,15.6401,39.04,87,75,23.02,light intensity drizzle rain
155,Caravelas,BR,-17.7125,-39.2481,72.95,87,100,8.1,overcast clouds
156,Saldanha,ZA,-33.0117,17.9442,57.25,76,0,13.18,clear sky
157,Nelson Bay,AU,-32.7167,152.15,75.99,74,0,3.0,clear sky
158,Krasnoselkup,RU,65.7,82.4667,-25.02,100,55,3.02,broken clouds
159,Kristiansund,NO,63.1115,7.732,32.65,59,0,4.61,clear sky
160,Saint-Joseph,RE,-21.3667,55.6167,70.18,79,15,6.06,few clouds
161,Qasigiannguit,GL,68.8193,-51.1922,11.61,77,21,3.96,few clouds
162,Saint Anthony,US,45.0205,-93.218,17.55,58,75,23.02,broken clouds
163,Matagami,CA,49.7502,-77.6328,23.11,86,75,10.36,broken clouds
164,Comarapa,BO,-17.9,-64.4833,70.83,48,50,11.14,scattered clouds
165,Beringovskiy,RU,63.05,179.3167,10.22,86,100,17.18,overcast clouds
166,Miyako,JP,39.6367,141.9525,49.28,71,96,3.42,overcast clouds
167,Vanimo,PG,-2.6741,141.3028,78.69,87,95,4.65,overcast clouds
168,Kysyl-Syr,RU,63.8986,122.7617,-1.03,97,100,4.45,overcast clouds
169,Hambantota,LK,6.1241,81.1185,77.23,84,100,4.12,overcast clouds
170,Hof,DE,50.3167,11.9167,25.45,88,5,2.3,clear sky
171,Grindavik,IS,63.8424,-22.4338,44.55,87,75,14.97,broken clouds
172,Karatau,KZ,43.1667,70.4667,46.06,78,84,6.04,broken clouds
173,Oeiras Do Para,BR,-2.0031,-49.8544,83.59,59,100,3.33,overcast clouds
174,Kichera,RU,55.9375,110.0997,-3.08,77,11,6.76,few clouds
175,Tuatapere,NZ,-46.1333,167.6833,58.46,78,83,2.82,broken clouds
176,Ouadda,CF,8.0777,22.4007,69.44,42,7,2.8,clear sky
177,Solvychegodsk,RU,61.3305,46.9156,13.08,94,29,2.59,scattered clouds
178,Les Escoumins,CA,48.1111,-69.0236,24.15,90,76,5.75,broken clouds
179,Ponta Do Sol,PT,32.6667,-17.1,66.83,63,67,7.94,broken clouds
180,Giyani,ZA,-23.3025,30.7187,82.69,32,2,1.99,clear sky
181,Naziya,RU,59.8,31.3833,19.44,1,100,9.04,overcast clouds
182,Teeli,RU,51.0333,90.2333,-3.01,91,71,1.97,broken clouds
183,Shelburne,CA,44.0787,-80.2041,25.75,78,100,17.83,overcast clouds
184,Anuradhapura,LK,8.3565,80.4173,70.93,95,100,1.97,overcast clouds
185,Port Lincoln,AU,-34.7333,135.8667,56.88,61,7,20.65,clear sky
186,Haines Junction,CA,60.7522,-137.5108,10.35,85,100,0.0,overcast clouds
187,Upernavik,GL,72.7868,-56.1549,14.59,87,100,10.0,overcast clouds
188,Macusani,PE,-14.0833,-70.4333,48.33,58,79,12.86,broken clouds
189,Newport,GB,51.5877,-2.9984,48.74,84,100,9.28,overcast clouds
190,Te Anau,NZ,-45.4167,167.7167,59.2,80,100,0.83,overcast clouds
191,Krasnogorodsk,RU,56.8357,28.2822,24.04,96,100,5.57,light snow
192,Siderno,IT,38.2779,16.302,67.33,82,90,8.21,overcast clouds
193,Vryheid,ZA,-27.7695,30.7917,57.07,86,100,8.81,overcast clouds
194,Souillac,MU,-20.5167,57.5167,71.98,78,40,2.3,scattered clouds
195,Iqaluit,CA,63.7506,-68.5145,-5.31,70,40,16.11,fog
196,Parkes,AU,-33.1333,148.1833,60.49,72,0,14.74,clear sky
197,Hay River,CA,60.8156,-115.7999,22.96,53,75,5.75,broken clouds
198,Cesena,IT,44.1391,12.2432,53.42,94,75,9.22,light rain
199,Sarh,TD,9.1429,18.3923,71.51,68,0,0.0,clear sky
200,Plyussa,RU,58.4308,29.3654,22.39,89,100,8.32,overcast clouds
201,Conde,BR,-7.2597,-34.9075,80.06,74,20,10.36,few clouds
202,Curup,ID,-3.4667,102.5333,65.32,97,95,1.66,overcast clouds
203,Santa Maria,BR,-29.6842,-53.8069,92.5,24,0,12.66,clear sky
204,Cravo Norte,CO,6.3017,-70.2041,83.26,73,100,5.06,overcast clouds
205,Ouro Preto Do Oeste,BR,-10.7481,-62.2158,87.82,56,89,6.24,overcast clouds
206,Princeton,US,25.5384,-80.4089,81.01,70,75,19.57,broken clouds
207,Portland,US,45.5234,-122.6762,51.94,47,0,14.97,clear sky
208,Victoria,HK,22.2855,114.1577,75.38,87,100,4.0,overcast clouds
209,Sisophon,KH,13.5859,102.9737,74.1,89,84,7.02,broken clouds
210,Malpe,IN,13.35,74.7167,74.5,63,71,4.63,broken clouds
211,Nome,US,64.5011,-165.4064,33.87,87,100,0.0,overcast clouds
212,Sept-Iles,CA,50.2001,-66.3821,25.05,66,40,9.22,scattered clouds
213,Lebu,CL,-37.6167,-73.65,58.71,69,67,17.29,broken clouds
214,Nanchang,CN,28.6833,115.8833,61.56,80,98,2.66,overcast clouds
215,Buenos Aires,AR,-34.6132,-58.3772,89.49,46,100,5.08,overcast clouds
216,Chabahar,IR,25.2919,60.643,78.04,68,16,4.45,few clouds
217,Port Hardy,CA,50.6996,-127.4199,37.58,81,100,0.0,overcast clouds
218,Kiruna,SE,67.8557,20.2251,0.52,85,0,2.3,clear sky
219,Beyneu,KZ,45.3167,55.2,42.42,81,18,4.88,few clouds
220,Pisco,PE,-13.7,-76.2167,71.65,64,0,18.41,clear sky
221,Dikson,RU,73.5069,80.5464,-15.81,100,92,5.95,overcast clouds
222,Yerbogachen,RU,61.2767,108.0108,-8.95,100,84,4.25,broken clouds
223,Australind,AU,-33.2667,115.7167,55.13,77,100,4.97,overcast clouds
224,Codrington,AU,-38.2667,141.9667,51.39,87,11,16.08,few clouds
225,Svatove,UA,49.4103,38.1503,37.8,83,93,15.17,overcast clouds
226,Abu Samrah,SY,35.3029,37.1841,60.12,60,0,2.51,clear sky
227,Roald,NO,62.5833,6.1333,37.76,80,0,6.91,clear sky
228,Yazd,IR,31.8972,54.3675,53.71,62,0,4.61,clear sky
229,Flinders,AU,-34.5833,150.8552,72.05,80,0,5.99,clear sky
230,Narsaq,GL,60.9167,-46.05,26.82,74,100,6.58,overcast clouds
231,Azov,RU,47.1078,39.4165,54.52,93,100,9.08,overcast clouds
232,Esperance,AU,-33.8667,121.9,57.49,73,74,14.92,broken clouds
233,Mosquera,CO,4.7059,-74.2302,64.49,72,75,9.22,broken clouds
234,La Plata,AR,-34.9215,-57.9545,89.04,32,99,10.07,overcast clouds
235,Kloulklubed,PW,7.0419,134.2556,84.04,74,81,10.49,broken clouds
236,Chokurdakh,RU,70.6333,147.9167,-7.49,97,100,12.24,overcast clouds
237,Eureka,US,40.8021,-124.1637,63.19,71,17,5.99,few clouds
238,Masaurhi,IN,25.3509,85.0342,58.89,45,98,6.2,overcast clouds
239,Cerna,RO,45.0833,28.3167,44.53,71,100,8.5,overcast clouds
240,Warri,NG,5.5167,5.75,77.85,87,100,3.8,overcast clouds
241,Eyl,SO,7.9803,49.8164,79.59,80,99,13.35,light rain
242,Alta Floresta,BR,-9.8756,-56.0861,91.22,55,40,6.91,scattered clouds
243,Beloha,MG,-25.1667,45.05,72.97,69,2,5.08,clear sky
244,Dunedin,NZ,-45.8742,170.5036,54.81,94,100,3.29,overcast clouds
245,Whitehorse,CA,60.7161,-135.0538,16.57,86,100,8.05,light snow
246,Yambio,SS,4.5721,28.3955,70.45,78,100,3.65,overcast clouds
247,Adre,TD,13.4667,22.2,70.29,22,5,12.01,clear sky
248,Murray Bridge,AU,-35.1167,139.2667,55.13,63,5,16.06,clear sky
249,Kaitangata,NZ,-46.2817,169.8464,54.48,89,100,5.86,overcast clouds
250,Spirit River,CA,55.7833,-118.8361,28.83,65,49,5.59,scattered clouds
251,Killarney,IE,52.05,-9.5167,45.32,85,7,9.19,clear sky
252,Clyde River,CA,70.4692,-68.5914,-18.54,94,33,2.57,scattered clouds
253,Poum,NC,-20.2333,164.0167,76.66,78,70,6.49,broken clouds
254,Solola,GT,14.7667,-91.1833,76.95,85,85,1.43,moderate rain
255,Faya,SA,18.3851,42.4509,60.91,67,18,2.91,few clouds
256,Sierpc,PL,52.8568,19.6691,27.59,65,100,10.07,overcast clouds
257,Kruisfontein,ZA,-34.0033,24.7314,56.88,92,1,7.78,clear sky
258,Chemal,RU,51.4111,86.005,25.65,64,100,8.12,overcast clouds
259,Capitao Poco,BR,-1.7464,-47.0594,75.88,87,66,4.61,broken clouds
260,Tucurui,BR,-3.7661,-49.6725,80.13,78,100,4.05,overcast clouds
261,Amga,RU,60.8953,131.9608,-1.8,98,100,4.05,overcast clouds
262,Cururupu,BR,-1.8283,-44.8683,77.47,77,67,4.41,broken clouds
263,Maniwaki,CA,46.3834,-75.966,30.58,59,100,8.05,overcast clouds
264,Jieshi,CN,22.8134,115.8257,71.76,82,95,8.79,overcast clouds
265,Nemuro,JP,43.3236,145.575,42.33,65,76,6.38,broken clouds
266,Arraial Do Cabo,BR,-22.9661,-42.0278,75.16,60,20,10.36,few clouds
267,Vardo,NO,70.3705,31.1107,37.38,70,100,12.66,overcast clouds
268,Spas-Klepiki,RU,55.1347,40.1767,28.4,91,100,10.85,overcast clouds
269,Barra Do Bugres,BR,-15.0725,-57.1811,99.46,18,44,4.79,scattered clouds
270,Gasa,PS,31.5,34.4667,69.01,44,0,10.22,clear sky
271,Pangnirtung,CA,66.1451,-65.7125,-2.36,85,74,4.36,broken clouds
272,Balabac,PH,7.9868,117.0645,79.18,84,100,6.04,moderate rain
273,Luanda,AO,-8.8368,13.2343,78.8,78,75,9.22,broken clouds
274,Anaconda,US,46.1285,-112.9423,14.99,68,13,4.5,few clouds
275,Cheney,US,47.4874,-117.5758,32.0,61,20,6.91,few clouds
276,Russell,US,32.3502,-85.1999,56.8,45,93,5.08,overcast clouds
277,Altay,CN,47.8667,88.1167,21.22,95,100,3.36,overcast clouds
278,Soe,ID,-9.8607,124.284,68.05,92,100,2.84,overcast clouds
279,Canmore,CA,51.0834,-115.3521,34.81,49,55,12.66,broken clouds
280,Mendi,PG,-6.1761,143.6513,56.98,98,100,2.42,overcast clouds
281,Palmer,US,42.1584,-72.3287,40.55,40,20,13.8,few clouds
282,Dingle,PH,10.9995,122.6711,74.44,93,69,5.82,broken clouds
283,Gilgit,PK,35.9221,74.3087,41.02,95,100,0.34,overcast clouds
284,Chumikan,RU,54.7183,135.315,23.58,89,100,11.54,light snow
285,Yulara,AU,-25.2406,130.9889,62.98,26,69,12.73,broken clouds
286,Pontypool,GB,51.7011,-3.0444,46.96,87,100,6.33,overcast clouds
287,Saint-Philippe,RE,-21.3585,55.7679,71.19,79,24,8.72,few clouds
288,Luderitz,NA,-26.6481,15.1594,62.91,67,99,24.85,overcast clouds
289,Okmulgee,US,35.6234,-95.9605,48.31,14,0,9.22,clear sky
290,Bathsheba,BB,13.2167,-59.5167,84.81,70,40,19.57,scattered clouds
291,Issoudun,FR,47.0,1.8333,38.89,93,19,8.05,few clouds
292,Vostok,RU,46.4856,135.8833,23.43,89,100,5.06,overcast clouds
293,Huambo,AO,-12.7761,15.7392,65.07,64,27,3.74,scattered clouds
294,Saint-Augustin,CA,51.226,-58.6502,17.35,92,50,6.82,scattered clouds
295,Miranda,CO,3.2499,-76.2281,84.33,73,92,0.87,overcast clouds
296,Saskylakh,RU,71.9167,114.0833,-17.48,100,97,1.7,overcast clouds
297,Romanovka,RU,51.7443,42.7527,34.38,96,100,12.12,light snow
298,Rockland,US,41.1668,-74.0496,38.97,45,21,1.99,few clouds
299,Lavrentiya,RU,65.5833,-171.0,23.47,87,100,4.59,overcast clouds
300,Mansehra,PK,34.3333,73.2,46.54,63,7,5.93,clear sky
301,Porbandar,IN,21.6422,69.6093,73.99,34,0,5.55,clear sky
302,Ladario,BR,-19.0047,-57.6017,100.69,27,0,11.5,clear sky
303,Hami,CN,42.8,93.45,37.58,48,100,4.92,overcast clouds
304,Reguengos De Monsaraz,PT,38.4253,-7.5349,52.36,85,72,5.44,broken clouds
305,Ojinaga,MX,29.5667,-104.4167,49.57,71,100,14.97,overcast clouds
306,Dalby,AU,-27.1833,151.2667,73.98,80,68,4.0,broken clouds
307,Kavieng,PG,-2.5744,150.7967,82.36,70,92,11.39,overcast clouds
308,Taoudenni,ML,22.6783,-3.9836,76.01,11,0,7.27,clear sky
309,Macesu De Sus,RO,43.9167,23.7,51.67,63,100,8.57,overcast clouds
310,Mishkino,RU,55.3389,63.9175,2.1,98,61,3.49,broken clouds
311,Cidreira,BR,-30.1811,-50.2056,70.75,76,8,24.43,clear sky
312,Mukhen,RU,48.1,136.1,31.87,74,100,6.71,light snow
313,Itaituba,BR,-4.2761,-55.9836,82.56,78,20,5.75,light rain
314,San Cristobal,VE,7.7669,-72.225,78.98,67,45,3.02,scattered clouds
315,Tabou,CI,4.423,-7.3528,73.71,86,82,7.81,moderate rain
316,Batemans Bay,AU,-35.7167,150.1833,65.1,47,1,11.32,clear sky
317,Kongolo,CD,-5.3833,27.0,69.31,93,83,1.23,broken clouds
318,Tecoanapa,MX,16.5167,-98.75,84.16,65,97,8.03,overcast clouds
319,Sobradinho,BR,-12.8333,-39.1,73.92,82,93,5.93,overcast clouds
320,Solnechnyy,RU,50.7214,136.6319,21.47,90,100,5.66,overcast clouds
321,Slantsy,RU,59.1182,28.0914,22.66,80,99,7.16,overcast clouds
322,Lompoc,US,34.6391,-120.4579,76.01,26,0,8.05,clear sky
323,Eirunepe,BR,-6.6603,-69.8736,83.23,72,100,2.93,overcast clouds
324,Santos Dumont,BR,-21.4567,-43.5525,72.57,87,100,4.32,overcast clouds
325,Kalakamati,BW,-20.5929,27.3121,79.48,23,2,6.26,clear sky
326,Lufilufi,WS,-13.8745,-171.5986,85.78,76,18,7.83,few clouds
327,Mount Isa,AU,-20.7333,139.5,74.97,94,40,6.91,shower rain
328,Mpanda,TZ,-6.3655,31.0409,64.4,95,97,1.12,overcast clouds
329,Nanortalik,GL,60.1432,-45.2371,30.56,82,100,10.27,overcast clouds
330,Avdon,RU,54.6667,55.7167,4.32,92,40,2.24,scattered clouds
331,Kuryk,KZ,43.2,51.65,51.76,57,8,10.33,clear sky
332,Sao Jose Da Tapera,BR,-9.5583,-37.3811,82.18,51,88,18.1,overcast clouds
333,Payo,ID,-3.7508,103.6372,71.17,96,99,2.04,overcast clouds
334,Coxim,BR,-18.5067,-54.76,101.37,18,42,4.92,scattered clouds
335,Tual,ID,-5.6667,132.75,82.44,78,100,14.36,light rain
336,Black River,JM,18.0264,-77.8487,83.26,71,38,12.75,scattered clouds
337,Muborak,UZ,39.2553,65.1528,54.64,66,41,7.02,scattered clouds
338,Ilulissat,GL,69.2167,-51.1,13.55,77,29,4.63,scattered clouds
339,Nabire,ID,-3.3667,135.4833,73.2,95,100,5.86,light rain
340,San Policarpo,PH,12.1791,125.5072,78.21,85,100,1.12,moderate rain
341,Goderich,CA,43.7501,-81.7165,31.91,69,100,21.85,overcast clouds
342,Piet Retief,ZA,-27.0071,30.8132,59.31,91,100,6.38,light rain
343,Sobolevo,RU,54.4299,31.8996,18.93,98,98,2.46,overcast clouds
344,Roma,US,43.2128,-75.4557,32.83,56,100,6.91,overcast clouds
345,Fuerte Olimpo,PY,-21.0415,-57.8738,103.69,14,0,4.32,clear sky
346,Ballina,AU,-28.8667,153.5667,76.78,82,22,10.89,few clouds
347,Te Karaka,NZ,-38.4654,177.8679,63.25,79,98,2.21,overcast clouds
348,Belen,TR,36.4891,36.2233,54.91,74,0,0.78,clear sky
349,Minsk,BY,53.9,27.5667,15.55,96,64,7.09,broken clouds
350,Oksfjord,NO,70.2396,22.3479,30.38,41,0,5.53,clear sky
351,Alihe,CN,50.5667,123.7167,23.16,88,100,9.69,overcast clouds
352,Neopolis,BR,-10.32,-36.5794,76.35,76,79,9.57,broken clouds
353,Pandan,PH,14.0453,124.1694,78.35,87,89,7.72,overcast clouds
354,Egvekinot,RU,66.3167,-179.1667,-12.69,80,18,5.75,few clouds
355,Jijiga,ET,9.35,42.8,60.96,29,0,6.8,clear sky
356,Castro,BR,-24.7911,-50.0119,69.84,63,15,4.7,few clouds
357,Bayir,TR,37.2687,28.2167,61.32,94,49,7.07,scattered clouds
358,Mahebourg,MU,-20.4081,57.7,71.89,78,40,2.3,scattered clouds
359,Waipawa,NZ,-41.4122,175.5153,64.11,66,32,4.03,scattered clouds
360,Upanema,BR,-5.6419,-37.2578,82.62,61,89,18.25,overcast clouds
361,Kurilsk,RU,45.2333,147.8833,35.64,77,16,3.98,few clouds
362,Lodwar,KE,3.1191,35.5973,83.17,49,41,14.88,scattered clouds
363,Lata,PT,40.1629,-8.3327,55.81,92,100,1.88,overcast clouds
364,Killam,CA,52.7834,-111.8518,26.55,46,97,16.11,overcast clouds
365,Waingapu,ID,-9.6567,120.2641,78.76,83,98,3.89,light rain
366,Isangel,VU,-19.55,169.2667,80.71,78,1,11.5,clear sky
367,Shalinskoye,RU,55.7228,93.7594,10.15,87,35,5.88,scattered clouds
368,Port Moresby,PG,-9.4431,147.1797,76.42,88,20,4.61,few clouds
369,Poronaysk,RU,49.2167,143.1167,28.81,88,95,4.72,overcast clouds
370,Skagen,DK,57.7209,10.5839,39.0,73,100,28.23,overcast clouds
371,Grand Gaube,MU,-20.0064,57.6608,72.0,71,0,3.0,clear sky
372,Virginia Beach,US,36.8529,-75.978,55.44,64,20,4.61,few clouds
373,Leningradskiy,RU,69.3833,178.4167,-9.44,98,100,8.9,overcast clouds
374,Harboore,DK,56.6175,8.1807,36.14,74,100,17.92,overcast clouds
375,Padang,ID,-0.9492,100.3543,75.25,88,100,3.76,overcast clouds
376,Petropavlovsk-Kamchatskiy,RU,53.0452,158.6483,7.39,66,0,8.95,clear sky
377,Klaksvik,FO,62.2266,-6.589,49.12,88,97,39.06,light rain
378,Fengkou,CN,30.0833,113.2667,56.66,81,0,0.58,clear sky
379,Lazaro Cardenas,MX,17.9583,-102.2,83.37,67,53,8.46,broken clouds
380,Ontario,US,34.0633,-117.6509,72.9,14,0,18.41,clear sky
381,Blagoveshchensk,RU,50.2667,127.5333,32.61,93,75,4.47,broken clouds
382,Jamalpur,BD,24.9167,89.9333,65.23,77,75,5.06,broken clouds
383,Yuncheng,CN,35.0231,110.9928,49.48,76,7,3.74,clear sky
384,San Rafael,AR,-34.6177,-68.3301,87.89,28,59,5.53,broken clouds
385,Chinsali,ZM,-10.5414,32.0816,70.18,60,86,5.19,overcast clouds
386,Coquimbo,CL,-29.9533,-71.3436,64.13,72,75,12.66,broken clouds
387,Wendo,ET,6.6,38.4167,56.3,85,68,3.91,broken clouds
388,Kieta,PG,-6.2167,155.6333,81.01,81,99,5.99,overcast clouds
389,Muravlenko,RU,63.7898,74.523,-6.16,95,100,14.56,overcast clouds
390,Asau,RO,46.4333,26.4,33.28,95,100,2.82,light snow
391,Hofn,IS,64.2539,-15.2082,44.94,90,100,30.8,overcast clouds
392,Cherskiy,RU,68.75,161.3,-9.69,97,100,13.2,light snow
393,Sal Rei,CV,16.1833,-22.9167,76.68,72,99,22.75,overcast clouds
394,Half Moon Bay,US,37.4636,-122.4286,66.61,35,20,5.75,few clouds
395,Victor Harbor,AU,-35.5667,138.6167,55.99,74,14,19.17,few clouds
396,Jacqueville,CI,5.2052,-4.4146,79.32,78,67,7.85,light rain
397,Sabang,ID,5.8933,95.3214,81.0,78,100,13.89,overcast clouds
398,Ouahigouya,BF,13.5828,-2.4216,80.74,18,12,8.88,few clouds
399,Okha,RU,53.5739,142.9478,24.71,83,100,12.62,overcast clouds
400,Vila Velha,BR,-20.3297,-40.2925,75.15,80,20,16.11,few clouds
401,San Patricio,US,28.017,-97.5169,48.83,86,100,19.39,overcast clouds
402,Bambous Virieux,MU,-20.3428,57.7575,71.85,78,40,2.3,scattered clouds
403,Abu Dhabi,AE,24.4667,54.3667,80.71,75,0,5.75,clear sky
404,Trebinje,BA,42.7119,18.3442,64.76,88,40,5.75,scattered clouds
405,Lewistown,US,40.5992,-77.5714,38.19,70,0,10.36,clear sky
406,Batagay,RU,67.6333,134.6333,-21.59,96,100,1.72,overcast clouds
407,Varfurile,RO,46.3167,22.5167,44.53,93,100,3.13,light rain
408,Nautla,MX,20.2167,-96.7833,73.94,82,87,11.54,overcast clouds
409,Homer,US,59.6425,-151.5483,40.8,70,100,5.01,overcast clouds
410,Saint-Pierre,RE,-21.3393,55.4781,71.28,68,0,3.44,clear sky
411,Maralal,KE,1.0968,36.698,59.11,82,49,4.38,scattered clouds
412,Labuan,MY,5.2767,115.2417,77.36,100,20,0.0,few clouds
413,Qinzhou,CN,21.95,108.6167,70.25,72,92,9.31,overcast clouds
414,Houma,US,29.5958,-90.7195,48.0,96,100,11.5,moderate rain
415,Kupang,ID,-10.1667,123.5833,76.89,87,100,2.55,light rain
416,Bilasipara,IN,26.232,90.2347,61.57,81,68,6.96,broken clouds
417,Komsomolskiy,UZ,40.4272,71.7189,45.32,87,100,2.3,fog
418,Ajdabiya,LY,30.7554,20.2263,69.21,23,8,13.24,clear sky
419,Baglan,AF,36.1307,68.7083,50.45,80,3,0.6,clear sky
420,Wagar,SD,16.1525,36.2032,78.93,59,0,17.02,clear sky
421,Amahai,ID,-3.3333,128.9167,78.84,82,100,3.31,overcast clouds
422,Kalia,BD,23.0396,89.6328,65.98,63,3,5.19,clear sky
423,Quang Ngai,VN,15.1167,108.8,73.36,96,100,3.65,overcast clouds
424,Puerto Baquerizo Moreno,EC,-0.9,-89.6,76.19,73,40,17.27,scattered clouds
425,Thurso,GB,58.5927,-3.5259,46.85,83,100,30.82,overcast clouds
426,Celestun,MX,20.8667,-90.4,80.29,77,87,5.19,light rain
427,Kerema,PG,-7.9631,145.7785,80.42,82,100,1.99,overcast clouds
428,Jorochito,BO,-18.05,-63.4333,91.72,24,0,10.98,clear sky
429,Clinton,US,42.587,-82.9199,30.94,55,100,21.85,overcast clouds
430,Santa Cruz,BO,-17.8,-63.1667,93.25,49,20,17.27,few clouds
431,Anqing,CN,30.5092,117.0506,59.23,78,81,3.44,broken clouds
432,Marawi,PH,7.9986,124.2928,70.0,89,100,3.22,overcast clouds
433,Bermejillo,MX,25.8833,-103.6167,66.04,48,100,7.11,overcast clouds
434,Leshukonskoye,RU,64.8989,45.7622,21.76,93,41,8.61,scattered clouds
435,Ambilobe,MG,-13.2,49.05,73.69,79,31,3.31,scattered clouds
436,Savonlinna,FI,61.8699,28.88,24.85,86,100,10.36,overcast clouds
437,Kulhudhuffushi,MV,6.6221,73.07,80.51,72,100,0.49,overcast clouds
438,Trelew,AR,-43.249,-65.3051,70.07,26,0,20.71,clear sky
439,College,US,64.8569,-147.8028,22.21,78,83,2.21,broken clouds
440,Kastrakion,GR,39.7156,21.6181,60.22,80,87,2.86,overcast clouds
441,Nioro,GM,13.35,-15.75,76.89,15,77,4.7,broken clouds
442,Namie,JP,37.4833,141.0,45.72,69,100,3.22,overcast clouds
443,Gravdal,NO,68.1214,13.5031,41.68,54,0,6.08,clear sky
444,Maloy,NO,61.9353,5.1136,35.33,54,4,3.6,clear sky
445,Port-Gentil,GA,-0.7193,8.7815,80.56,83,100,14.97,light rain
446,Andenes,NO,69.3143,16.1194,30.18,93,0,10.36,clear sky
447,Vilyuysk,RU,63.7553,121.6247,0.03,96,100,5.77,overcast clouds
448,Hokitika,NZ,-42.7167,170.9667,58.84,80,98,4.25,overcast clouds
449,Qaqortoq,GL,60.7167,-46.0333,24.19,77,100,6.8,overcast clouds
450,Polunochnoye,RU,60.8697,60.4153,13.14,85,92,7.9,overcast clouds
451,Lensk,RU,60.7253,114.9278,-8.34,98,79,4.9,broken clouds
452,Teruel,ES,40.6667,-0.6667,32.94,76,67,16.53,broken clouds
453,Port Blair,IN,11.6667,92.75,79.48,82,40,8.3,scattered clouds
454,Zakamensk,RU,50.3741,103.2863,-1.7,98,12,2.95,few clouds
455,Maracacume,BR,-2.0428,-45.9592,76.64,86,54,3.69,broken clouds
456,Fernley,US,39.608,-119.2518,42.31,30,0,4.0,clear sky
457,Ketchikan,US,55.3422,-131.6461,37.51,91,100,4.94,light rain
458,Zhigansk,RU,66.7697,123.3711,-7.98,98,100,15.1,light snow
459,Puerto Del Rosario,ES,28.5004,-13.8627,71.35,64,75,25.32,broken clouds
460,Hobyo,SO,5.3505,48.5268,80.73,74,2,6.69,clear sky
461,Emba,KZ,48.8264,58.1442,34.25,95,100,6.17,overcast clouds
462,Honiara,SB,-9.4333,159.95,82.74,78,85,4.25,overcast clouds
463,San Jose,US,37.3394,-121.895,69.6,33,0,8.01,clear sky
464,Yaypan,UZ,40.3758,70.8156,43.48,89,85,4.05,overcast clouds
465,Norman Wells,CA,65.282,-126.8329,14.04,85,75,0.0,broken clouds
466,Puerto Madryn,AR,-42.7692,-65.0385,68.36,35,84,17.49,broken clouds
467,Helong,CN,42.5397,128.9972,33.78,91,27,5.26,scattered clouds
468,Karratha,AU,-20.7377,116.8463,77.41,41,98,8.81,overcast clouds
469,Srivardhan,IN,18.0333,73.0167,70.52,49,42,6.6,scattered clouds
470,Rocha,UY,-34.4833,-54.3333,74.57,71,100,12.17,overcast clouds
471,Chapais,CA,49.7834,-74.8492,20.98,92,100,10.13,light snow
472,Arlit,NE,18.7369,7.3853,75.42,12,100,8.75,overcast clouds
473,Griffith,US,41.5284,-87.4237,27.25,72,100,16.11,overcast clouds
474,Atar,MR,20.5169,-13.0499,72.21,37,0,10.11,clear sky
475,Revda,RU,56.801,59.9303,3.63,98,66,3.04,broken clouds
476,Santa Isabel Do Rio Negro,BR,-0.4139,-65.0192,77.92,93,99,3.62,heavy intensity rain
477,La Ronge,CA,55.1001,-105.2842,26.85,59,20,6.91,few clouds
478,Nhulunbuy,AU,-12.2333,136.7667,77.61,88,100,4.61,overcast clouds
479,Leh,IN,34.1667,77.5833,25.59,92,100,5.59,light snow
480,Majayjay,PH,14.1463,121.4729,72.05,97,100,3.74,overcast clouds
481,Margate,GB,51.3813,1.3862,47.3,87,100,7.43,overcast clouds
482,Wajima,JP,37.4,136.9,56.01,73,88,10.47,overcast clouds
483,Strezhevoy,RU,60.7333,77.5889,0.64,96,100,8.95,light snow
484,Mogadishu,SO,2.0371,45.3438,79.18,80,45,12.53,scattered clouds
485,Watsa,CD,3.0372,29.5355,63.45,96,66,3.2,broken clouds
486,Maturin,VE,9.75,-63.1767,87.64,100,85,9.22,overcast clouds
487,Khor,RU,47.8861,134.9464,33.64,91,100,13.11,snow
488,Yar-Sale,RU,66.8333,70.8333,-9.62,94,46,14.18,scattered clouds
489,Loikaw,MM,19.6742,97.2094,64.58,95,41,3.38,scattered clouds
490,Biltine,TD,14.5333,20.9167,74.88,19,4,8.93,clear sky
491,Porto Velho,BR,-8.7619,-63.9039,89.65,58,40,2.3,scattered clouds
492,Bassar,TG,9.25,0.7833,77.58,35,87,2.89,overcast clouds
493,Amarante Do Maranhao,BR,-5.5667,-46.7422,73.04,96,93,4.56,light rain
494,Bangar,PH,16.8936,120.4243,79.03,75,100,3.04,overcast clouds
495,Meulaboh,ID,4.1363,96.1285,75.29,91,100,3.33,overcast clouds
496,Zabaykalsk,RU,49.6333,117.3167,5.22,91,8,15.82,clear sky
497,Uttiramerur,IN,12.6,79.7667,68.61,80,100,7.36,overcast clouds
498,Boueni,YT,-12.9025,45.0761,78.78,81,9,6.91,clear sky
499,Sao Joao Da Barra,BR,-21.6403,-41.0511,77.09,73,33,12.95,scattered clouds
500,Kangaatsiaq,GL,68.3065,-53.4641,15.49,96,93,7.02,overcast clouds
501,Cooma,AU,-36.2333,149.1333,54.09,62,2,17.94,light rain
502,Vestmannaeyjar,IS,63.4427,-20.2734,46.49,81,100,18.57,overcast clouds
503,Rawson,AR,-43.3002,-65.1023,70.09,26,0,20.71,clear sky
504,Tignere,CM,7.3667,12.65,68.74,40,18,2.04,few clouds
505,Pangai,TO,-19.8,-174.35,77.67,70,1,6.35,clear sky
506,Amnat Charoen,TH,15.9167,104.75,75.7,75,100,15.57,overcast clouds
507,Tautira,PF,-17.7333,-149.15,74.34,91,100,9.62,light rain
508,Road Town,VG,18.4167,-64.6167,82.44,78,40,9.22,scattered clouds
509,Buala,SB,-8.145,159.5921,82.81,74,70,6.91,broken clouds
510,Kamina,CD,-8.7386,24.9906,64.06,95,100,3.38,overcast clouds
511,Khani,GE,41.9563,42.9566,47.77,68,98,4.97,overcast clouds
512,Peniche,PT,39.3558,-9.3811,60.12,84,100,14.88,overcast clouds
513,Ixtapa,MX,20.7,-105.2,85.82,54,86,5.3,overcast clouds
514,Boffa,GN,10.1667,-14.0333,76.66,63,99,1.39,overcast clouds
515,Tazovskiy,RU,67.4667,78.7,-24.2,100,82,4.97,broken clouds
516,Kodinsk,RU,58.6881,99.1844,3.15,99,95,3.87,overcast clouds
517,Miri,MY,4.4148,114.0089,77.14,94,40,2.3,scattered clouds
518,Mangaratiba,BR,-22.9597,-44.0406,76.06,73,26,7.96,scattered clouds
519,Adwa,ET,14.1646,38.8955,59.9,54,57,4.81,broken clouds
520,Laguna,US,38.421,-121.4238,65.28,32,0,1.01,clear sky
521,Northam,GB,51.0333,-4.2167,47.25,89,100,14.81,overcast clouds
522,Antofagasta,CL,-23.65,-70.4,65.48,74,9,8.01,clear sky
523,Manzanillo,CU,20.3433,-77.1167,85.93,55,54,9.08,light rain
524,Bardiyah,LY,31.7561,25.0865,69.84,35,19,11.56,few clouds
525,Wanxian,CN,30.8039,108.3897,55.99,92,0,3.33,clear sky
526,Aklavik,CA,68.2191,-135.0107,30.2,93,100,4.61,light snow
527,Okhotsk,RU,59.3833,143.3,3.81,72,99,6.82,overcast clouds
528,Ginda,IN,30.6945,78.4932,47.05,40,55,6.6,broken clouds
529,Nishihara,JP,26.1842,127.7558,74.48,83,20,8.05,few clouds
530,Wentzville,US,38.8114,-90.8529,37.58,46,26,11.99,scattered clouds
531,Kudahuvadhoo,MV,2.6708,72.8944,81.41,76,53,13.82,broken clouds
532,Debre Zeyit,ET,8.75,38.9833,55.27,41,29,4.45,scattered clouds
533,Tura,IN,25.5198,90.2201,60.51,53,100,3.22,overcast clouds
534,Port Shepstone,ZA,-30.7414,30.455,63.7,80,100,13.02,light rain
535,Bougouni,ML,11.417,-7.479,77.94,21,100,3.15,overcast clouds
536,Pangkalanbuun,ID,-2.6833,111.6167,73.69,99,98,2.21,overcast clouds
537,Linxia,CN,35.6003,103.2064,38.01,47,12,1.45,few clouds
538,Catumbela,AO,-12.4314,13.5472,76.71,78,29,5.7,scattered clouds
539,Elko,US,41.0002,-115.5012,25.65,51,0,1.99,clear sky
540,Sao Jose Da Coroa Grande,BR,-8.8978,-35.1478,77.67,78,89,9.48,overcast clouds
541,Bestobe,KZ,52.4994,73.0975,10.11,89,90,9.44,overcast clouds
542,Hoquiam,US,46.9809,-123.8893,53.31,53,57,8.25,broken clouds
543,Chenzhou,CN,25.8,113.0333,58.51,96,96,1.14,overcast clouds
544,Yinchuan,CN,38.4681,106.2731,40.78,30,0,4.29,clear sky
545,Bajil,YE,15.0584,43.2851,79.74,66,7,4.34,clear sky
546,Sola,VU,-13.8833,167.55,77.67,89,100,0.0,overcast clouds
547,Hammerfest,NO,70.6634,23.6821,30.65,64,1,1.14,clear sky
548,Healdsburg,US,38.6105,-122.8692,69.1,28,6,2.89,clear sky
549,Mari-Turek,RU,56.7895,49.6235,15.96,85,6,8.1,clear sky
550,Severo-Yeniseyskiy,RU,60.3725,93.0408,-10.35,99,81,4.72,broken clouds
551,Beipiao,CN,41.7919,120.7792,34.83,49,79,7.11,broken clouds
552,Vernon,CA,50.2581,-119.2691,32.61,64,73,3.44,broken clouds
553,Marsaxlokk,MT,35.8419,14.5431,70.41,78,0,12.66,clear sky
554,Odienne,CI,9.51,-7.5692,75.22,35,99,3.15,overcast clouds
555,Gubkinskiy,RU,64.434,76.5026,-15.99,100,83,3.4,broken clouds
556,Bolgatanga,GH,10.7856,-0.8514,82.47,28,13,5.66,few clouds
557,Rio Grande,BR,-32.035,-52.0986,82.51,73,29,22.12,scattered clouds
558,Tessalit,ML,20.1986,1.0114,73.2,11,100,8.52,overcast clouds
559,Bilibino,RU,68.0546,166.4372,-18.02,100,100,1.3,overcast clouds
560,Churapcha,RU,62.0025,132.4325,-15.57,100,98,4.05,overcast clouds
561,Erzin,TR,36.9559,36.2,61.43,63,0,2.91,clear sky
562,Plettenberg Bay,ZA,-34.0527,23.3716,56.77,78,0,6.89,clear sky
563,Ternate,ID,0.8,127.4,80.85,77,95,2.82,overcast clouds
564,Salto,UY,-31.3833,-57.9667,95.16,22,40,11.99,scattered clouds
565,Tromso,NO,69.6496,18.957,23.02,93,0,3.44,clear sky
566,Fairbanks,US,64.8378,-147.7164,22.23,81,87,2.1,overcast clouds
567,Belawan,ID,3.7755,98.6832,77.29,88,100,3.2,light rain
568,Nanakuli,US,21.3906,-158.1547,82.11,61,75,9.22,broken clouds
569,Barranca,PE,-10.75,-77.7667,67.26,74,71,8.55,broken clouds
570,Brae,GB,60.3964,-1.353,46.15,59,96,27.0,overcast clouds
571,Mahibadhoo,MV,3.7833,72.9667,79.9,80,76,11.63,broken clouds
572,Motihari,IN,26.65,84.9167,61.48,57,2,5.57,clear sky
573,Namibe,AO,-15.1961,12.1522,71.62,73,75,8.01,light rain
574,Colonia,DE,50.9333,6.95,39.58,81,100,4.61,overcast clouds
575,Bull Savanna,JM,17.8868,-77.5902,80.47,71,26,15.23,scattered clouds
576,Nikolayevsk-Na-Amure,RU,53.1406,140.73,19.69,97,100,4.59,overcast clouds
577,Jobner,IN,26.9667,75.3833,58.42,28,12,6.76,few clouds
578,Bearsden,GB,55.9154,-4.3328,47.01,80,100,15.01,moderate rain
579,Meybod,IR,32.2501,54.0166,55.42,49,70,8.08,broken clouds
580,Oyon,PE,-10.6681,-76.7731,59.07,36,99,2.59,overcast clouds
581,Vila Franca Do Campo,PT,37.7167,-25.4333,64.81,86,36,4.68,scattered clouds
582,Miles City,US,46.4083,-105.8406,27.95,72,14,7.07,few clouds
583,Kokopo,PG,-4.352,152.2633,80.17,77,100,3.69,overcast clouds
584,Mabaruma,GY,8.2,-59.7833,76.84,91,23,4.16,few clouds
585,Marzuq,YE,14.4,46.4667,65.88,54,6,1.68,clear sky
586,Orbetello,IT,42.4408,11.2196,54.1,90,100,5.23,overcast clouds
587,Druzhba,UA,52.0428,33.9453,20.25,96,87,11.99,overcast clouds
588,Sosnovo-Ozerskoye,RU,52.5249,111.5418,-0.78,98,12,2.55,few clouds
589,Sao Raimundo Nonato,BR,-9.0153,-42.6994,81.66,56,100,1.03,light rain
590,Mirnyy,RU,62.5353,113.9611,-6.77,95,72,6.42,broken clouds
591,Gagra,GE,43.3283,40.2239,56.32,73,100,9.69,overcast clouds
592,Samarinda,ID,-0.5,117.15,73.81,98,100,1.61,overcast clouds
593,Ko Samui,TH,9.5357,99.9357,81.03,78,100,8.1,moderate rain
594,Gao,ML,16.6362,1.637,76.39,14,85,11.86,overcast clouds
595,Porto Franco,BR,-6.3383,-47.3992,76.68,86,87,4.23,moderate rain
596,Kilingi-Nomme,EE,58.1503,24.9642,22.41,95,100,4.85,snow
597,Bykivka,UA,50.2929,27.9831,16.61,93,96,2.01,overcast clouds
598,Champerico,GT,14.3,-91.9167,83.89,69,8,4.88,clear sky
599,Siocon,PH,7.7061,122.1353,78.46,89,100,5.82,overcast clouds
600,Shimoda,JP,34.6667,138.95,55.11,72,100,20.54,light rain
601,Atikokan,CA,48.7555,-91.6216,9.01,77,100,10.49,overcast clouds
602,Otradnoye,RU,59.7775,30.8181,23.09,78,95,7.7,overcast clouds
603,Chumphon,TH,10.3333,98.8333,69.55,97,73,1.92,broken clouds
604,Bridlington,GB,54.0831,-0.1919,43.9,64,68,17.78,broken clouds
605,Bani Walid,LY,31.7566,13.9942,73.13,21,100,10.31,overcast clouds
606,Bolkhov,RU,53.4433,36.0044,26.67,98,100,3.96,light snow
607,Karachi,PK,24.9056,67.0822,71.42,88,1,3.44,smoke
608,Luau,AO,-10.7073,22.2247,64.44,96,69,3.47,broken clouds
609,Samarai,PG,-10.6167,150.6667,83.82,75,83,10.42,broken clouds
610,Conakry,GN,9.538,-13.6773,81.66,65,97,6.4,overcast clouds
611,Ratne,UA,51.6683,24.5303,18.72,94,11,4.07,few clouds
612,Las Cruces,US,32.3123,-106.7783,54.55,39,0,4.61,clear sky
613,Bahia Blanca,AR,-38.7196,-62.2724,88.29,30,35,1.01,scattered clouds
614,Salisbury,GB,51.0693,-1.7957,44.02,91,100,3.44,overcast clouds
615,Two Rivers,US,44.1539,-87.5693,24.17,68,71,7.0,broken clouds
616,Nador,MA,35.174,-2.9287,62.85,63,20,18.41,few clouds
617,Labuhan,ID,-6.8844,112.2051,78.31,86,71,5.99,broken clouds
618,Beian,NO,63.6559,9.5683,38.01,44,0,6.91,clear sky
619,Mutoko,ZW,-17.397,32.2268,74.03,41,53,3.27,broken clouds
620,Samarkand,UZ,39.6542,66.9597,42.22,87,13,2.3,mist
621,Iralaya,HN,15.0,-83.2333,80.47,83,100,11.1,moderate rain
622,Prachuap Khiri Khan,TH,12.2167,99.75,70.77,94,99,3.49,light rain
623,Acapulco,MX,16.8634,-99.8901,84.97,65,99,6.26,overcast clouds
624,General Roca,AR,-39.0333,-67.5833,79.63,12,100,16.28,overcast clouds
625,Porto Novo,BJ,6.4965,2.6036,78.82,83,39,6.2,scattered clouds
626,Salinas,US,36.6777,-121.6555,71.69,30,0,21.85,clear sky
627,Pingyin,CN,36.2831,116.4453,48.58,84,0,3.36,clear sky
628,Benghazi,LY,32.1167,20.0667,72.9,37,71,18.77,broken clouds
629,Omsukchan,RU,62.5333,155.8,-15.52,78,54,2.48,broken clouds
630,San Andres,CO,12.5847,-81.7006,77.52,88,100,19.33,moderate rain
631,Mana,GF,5.6592,-53.7767,79.9,79,100,9.91,overcast clouds
632,Avera,US,33.194,-82.5271,58.51,40,100,8.63,overcast clouds
633,Tanout,NE,14.9709,8.8879,74.19,19,96,9.8,overcast clouds
634,Placido De Castro,BR,-10.3353,-67.1856,94.57,40,81,5.19,broken clouds
635,Bedele,ET,8.456,36.353,52.79,86,13,3.13,light rain
636,Antalaha,MG,-14.9003,50.2788,69.22,89,5,3.91,clear sky
637,Begunitsy,RU,59.5855,29.3176,20.62,80,91,8.7,overcast clouds
638,Manicore,BR,-5.8092,-61.3003,87.75,70,40,4.61,scattered clouds
639,Ubinskoye,RU,55.3068,79.6802,6.39,89,100,14.65,overcast clouds
640,Meiganga,CM,6.5167,14.3,69.4,47,46,5.12,scattered clouds
641,Bykovo,RU,55.6361,38.0803,28.13,93,100,13.42,overcast clouds
642,Touba,CI,8.2833,-7.6833,76.84,38,100,1.99,overcast clouds
643,Tomatlan,MX,19.9333,-105.25,85.78,56,100,6.02,overcast clouds
644,Padilla,CO,3.2204,-76.3139,85.57,70,89,0.47,overcast clouds
645,Fort Nelson,CA,58.8053,-122.7002,28.44,69,98,0.87,overcast clouds
646,Marsa Matruh,EG,31.3525,27.2453,70.21,39,0,6.35,clear sky
647,Akdepe,TM,42.0551,59.3788,43.74,68,10,3.02,clear sky
648,Adrar,MR,20.5022,-10.0711,70.47,28,0,9.73,clear sky
649,Owando,CG,-0.4819,15.8999,76.15,81,100,0.87,overcast clouds
650,Airai,TL,-8.9266,125.4092,62.06,94,100,2.04,overcast clouds
651,Arzgir,RU,45.3728,44.2206,51.46,81,100,3.58,overcast clouds
652,Ahipara,NZ,-35.1667,173.1667,63.07,90,58,15.12,moderate rain
653,Orebro,SE,59.2741,15.2066,33.26,86,75,12.66,broken clouds
654,Milkovo,RU,54.7167,158.6167,-3.19,95,87,1.61,overcast clouds
655,Coihaique,CL,-45.5752,-72.0662,52.41,71,75,13.8,light intensity shower rain
656,Xinzhi,CN,36.4989,111.7047,49.17,62,0,3.06,clear sky
657,Chala,TZ,-7.5833,31.2667,60.08,90,100,1.5,light rain
658,Iskateley,RU,67.6803,53.1512,34.07,97,100,13.78,overcast clouds
659,Ust-Tsilma,RU,65.441,52.1498,28.62,94,100,12.01,overcast clouds
660,Sao Felix Do Xingu,BR,-6.6447,-51.995,73.47,96,100,2.51,overcast clouds
661,Shubarshi,KZ,48.5872,57.1869,33.73,83,48,6.58,scattered clouds
662,Shache,CN,38.4167,77.2406,43.54,23,100,6.02,overcast clouds
663,Udachnyy,RU,66.4167,112.4,-17.5,98,9,4.54,clear sky
664,Porciuncula,BR,-20.9628,-42.0408,69.76,79,18,3.6,few clouds
665,Aykhal,RU,66.0,111.5,-9.92,96,35,10.94,scattered clouds
666,Tambopata,PE,-12.7333,-69.1833,93.09,52,0,6.91,clear sky
667,Kailua,US,21.4022,-157.7394,84.18,74,18,5.99,few clouds
668,Luis Correia,BR,-2.8792,-41.6669,84.2,74,20,14.97,few clouds
669,Bubaque,GW,11.2833,-15.8333,84.47,56,96,11.34,overcast clouds
670,Brawley,US,32.9787,-115.5303,71.85,14,0,11.5,clear sky
671,Katete,UG,-0.7818,29.7544,61.41,99,100,3.06,moderate rain
672,Istisu,AZ,40.9457,48.0738,32.67,53,0,5.35,clear sky
673,Callaway,US,30.153,-85.5699,55.33,62,100,6.91,light intensity drizzle
674,Rylsk,RU,51.5655,34.6822,24.75,92,96,14.25,overcast clouds
675,Diffa,NE,13.3154,12.6113,75.99,20,1,8.25,clear sky
676,Silopi,TR,37.2497,42.4694,58.37,63,0,2.21,clear sky
677,Shieli,KZ,44.1667,66.75,42.87,60,77,6.58,broken clouds
678,Maumere,ID,-8.6199,122.2111,76.55,89,100,0.92,overcast clouds
679,Frei Paulo,BR,-10.5494,-37.5344,75.47,73,86,14.05,overcast clouds
680,Kostomuksha,RU,64.571,30.5767,19.8,98,53,1.14,broken clouds
681,Marathon,US,44.9,-89.7668,18.64,58,75,18.41,broken clouds
682,Fukue,JP,32.6881,128.8419,64.69,78,64,11.32,broken clouds
683,Zhangye,CN,38.9342,100.4517,33.39,26,22,4.65,few clouds
684,Orotukan,RU,62.2667,151.7,-5.93,85,100,2.15,overcast clouds
685,Aitape,PG,-3.1374,142.3475,77.72,89,84,4.59,broken clouds
686,Huarmey,PE,-10.0681,-78.1522,67.96,76,100,8.23,overcast clouds
687,Vega De Alatorre,MX,20.0333,-96.6333,74.37,82,91,11.59,overcast clouds
688,Kamaris,AM,40.2354,44.6946,32.95,68,1,4.12,clear sky
689,Viedma,AR,-40.8135,-62.9967,75.11,33,65,18.3,broken clouds
690,Cap Malheureux,MU,-19.9842,57.6142,69.48,72,0,1.99,clear sky
691,Santa Vitoria Do Palmar,BR,-33.5189,-53.3681,72.57,73,99,14.07,overcast clouds
692,Luang Prabang,LA,19.8856,102.1347,68.99,99,99,1.63,overcast clouds
693,Talaya,RU,61.3833,152.75,-12.23,85,100,1.34,overcast clouds
694,Quatre Cocos,MU,-20.2078,57.7625,69.91,71,0,7.07,clear sky
695,Kargasok,RU,59.0556,80.8572,-11.04,96,37,8.55,scattered clouds
696,Urumqi,CN,43.801,87.6005,31.15,86,83,4.47,broken clouds
697,Rundu,NA,-17.9333,19.7667,82.69,30,69,4.61,broken clouds
698,Acajutla,SV,13.5928,-89.8275,83.61,67,66,4.32,broken clouds
699,Sungaipenuh,ID,-2.0833,101.3833,62.02,94,99,1.07,overcast clouds
700,Uglovskoye,RU,51.3557,80.1942,25.3,92,100,12.33,light snow
701,Quelimane,MZ,-17.8786,36.8883,78.57,81,4,7.38,clear sky
702,Tigre,AR,-34.426,-58.5796,88.27,46,0,5.75,clear sky
703,Naze,JP,28.3667,129.4833,69.66,87,38,12.01,scattered clouds
704,Delta,NG,5.5,6.0,76.64,89,100,3.65,overcast clouds
705,Okahandja,NA,-21.9833,16.9167,78.91,24,100,8.79,overcast clouds
706,Krasnyy Profintern,RU,57.7446,40.435,17.62,80,87,11.5,overcast clouds
707,Khash,IR,28.2211,61.2158,56.66,41,100,4.72,overcast clouds
708,Inhambane,MZ,-23.865,35.3833,76.68,72,96,4.54,overcast clouds
709,Majene,ID,-3.5403,118.9707,77.47,79,100,0.78,overcast clouds
710,Punta Cardon,VE,11.6581,-70.215,82.53,74,25,25.97,scattered clouds
711,Kungalv,SE,57.871,11.9805,34.12,78,67,12.1,broken clouds
712,Kisaran,ID,2.9845,99.6158,72.77,98,98,2.46,overcast clouds
713,Sechura,PE,-5.5569,-80.8222,74.17,60,61,16.82,broken clouds
714,Los Llanos De Aridane,ES,28.6585,-17.9182,65.12,66,40,17.27,scattered clouds
715,Silale,LT,55.4906,22.1814,19.89,96,31,4.23,scattered clouds
716,Pauini,BR,-7.7136,-66.9764,85.75,65,100,3.53,overcast clouds
717,Fare,PF,-16.7,-151.0167,78.39,79,52,8.28,light rain
718,Maniitsoq,GL,65.4167,-52.9,22.12,81,71,8.72,broken clouds
719,Maragogi,BR,-9.0122,-35.2225,77.31,78,94,9.26,overcast clouds
720,Aksu,CN,41.1231,80.2644,36.52,37,95,1.77,overcast clouds
721,Tarata,BO,-17.6167,-66.0167,76.42,54,100,7.05,overcast clouds
722,Inuvik,CA,68.3499,-133.7218,27.36,100,100,2.3,light snow
723,Aasiaat,GL,68.7098,-52.8699,10.98,95,82,2.53,broken clouds
724,Zhaoyuan,CN,37.3592,120.3964,49.68,93,89,2.42,overcast clouds
725,Ostrovnoy,RU,68.0531,39.5131,25.02,94,64,10.25,broken clouds
726,Bystryy Istok,RU,52.371,84.3873,27.5,93,100,16.11,snow
727,Reconquista,AR,-29.15,-59.65,99.72,12,44,12.55,scattered clouds
728,Zeya,RU,53.75,127.2667,22.91,96,100,4.61,light snow
729,Stornoway,GB,58.2093,-6.3865,46.36,88,75,25.32,moderate rain
730,Posse,BR,-14.0931,-46.3694,74.62,67,97,4.99,light rain
731,Aubenas,FR,44.6201,4.3899,46.45,71,28,9.44,scattered clouds
732,Matara,LK,5.9485,80.5353,75.16,89,100,4.83,overcast clouds
733,Gornyy,RU,55.1153,83.9059,16.2,93,100,14.65,light snow
734,Asyut,EG,27.181,31.1837,66.07,43,0,7.05,clear sky
735,Concepcion Del Uruguay,AR,-32.4825,-58.2372,94.24,30,100,1.99,overcast clouds
736,San Miguel,SV,13.4833,-88.1833,88.59,54,0,2.26,clear sky
737,Necochea,AR,-38.5473,-58.7368,73.9,67,33,10.2,scattered clouds
738,Nagua,DO,19.3832,-69.8474,78.85,89,75,0.0,broken clouds
739,Albion,US,42.2431,-84.753,25.61,71,100,18.41,overcast clouds
740,Katsuura,JP,35.1333,140.3,59.43,66,100,10.42,overcast clouds
741,Manado,ID,1.487,124.8455,75.97,94,40,1.14,scattered clouds
742,Tefe,BR,-3.3542,-64.7114,93.31,62,20,6.91,few clouds
743,Ambon,ID,-3.6954,128.1814,75.34,94,40,2.3,scattered clouds
744,Jian,CN,27.1172,114.9793,60.93,92,100,3.09,overcast clouds
745,Magaria,NE,12.9983,8.9099,73.92,20,25,9.8,scattered clouds
746,Pa Sang,TH,18.5262,98.9394,75.85,96,100,0.92,overcast clouds
747,Killybegs,IE,54.6333,-8.45,48.11,76,37,19.17,scattered clouds
748,Oxford,GB,51.7522,-1.256,40.37,94,0,2.3,clear sky
749,Abnub,EG,27.2696,31.1511,65.95,43,0,7.14,clear sky
750,Odweyne,SO,9.4092,45.064,70.59,55,54,4.5,broken clouds
751,Barabai,ID,-2.5833,115.3833,73.98,99,100,0.83,overcast clouds
752,Jambi,ID,-1.6,103.6167,74.03,98,99,2.21,overcast clouds
753,Poretskoye,RU,55.1974,46.3291,17.82,91,37,10.0,scattered clouds
754,Mount Gambier,AU,-37.8333,140.7667,51.44,74,12,14.16,few clouds
